{
    "Changes": [
		{
			"Action": "EditData",
			"Target": "Data/Objects",
			"Fields": {

				"Rafseazz.RSVCP_Cherry_Pluot": {"Price": "100"},		
				"Rafseazz.RSVCP_Highland_Jostaberry": {"Price": "100"},	
				"Rafseazz.RSVCP_Mountain_Plumcot": {"Price": "105"},	
				"Rafseazz.RSVCP_Northern_Limequat": {"Price": "95"},	
				"Rafseazz.RSVCP_Paradise_Rangpur": {"Price": "95"},	
				"Rafseazz.RSVCP_Tropi_Ugli_Fruit": {"Price": "90"},	
				"Rafseazz.RSVCP_Desert_Tangelo": {"Price": "100"},	
				"Rafseazz.RSVCP_Ember_Blood_Lime": {"Price": "105"},			
			},
            "When": {"HasMod|contains=Rafseazz.RSVCP": true, "Ridgeside Village": true, "Fruit Trees": true}
		},
		{
			"Action": "EditData",
			"Target": "Data/Objects",
			"Fields": {
				"Rafseazz.RSVCP_Mountain_Arugula": {"Price": "65"},	
				"Rafseazz.RSVCP_Lava_Lily": {"Price": "60"},
				"Rafseazz.RSVCP_Autumn_Drop_Berry": {"Price": "60"},
				"Rafseazz.RSVCP_Ridgeside_Clementine": {"Price": "55"},
				"Rafseazz.RSVCP_Ridge_Cherry": {"Price": "55"},
				"Rafseazz.RSVCP_Ridge_Wild_Apple": {"Price": "50"},
				"Rafseazz.RSVCP_Highland_Chard": {"Price": "70"},
				"Rafseazz.RSVCP_Frost_Clump_Berry": {"Price": "45"},
				"Rafseazz.RSVCP_Mountain_Chico": {"Price": "70"},
				"Rafseazz.RSVCP_Sierra_Wintergreen": {"Price": "45"},	
			},
            "When": {"HasMod|contains=Rafseazz.RSVCP": true, "Ridgeside Village": true, "Forage": true}
		},
		{
			"Action": "EditData",
			"Target": "Data/Objects",
			"Fields": {
				"Rafseazz.RSVCP_Bladetail_Sturgeon": {"Price": "115"},
				"Rafseazz.RSVCP_Caped_Tree_Frog": {"Price": "55"},
				"Rafseazz.RSVCP_Cardia_Septal_Jellyfish": {"Price": "115"},
				"Rafseazz.RSVCP_Crimson_Spiked_Clam": {"Price": "115"},
				"Rafseazz.RSVCP_Cutthroat_Trout": {"Price": "50"},
				"Rafseazz.RSVCP_Fairytale_Lionfish": {"Price": "115"},
				"Rafseazz.RSVCP_Fixer_Eel": {"Price": "115"},
				"Rafseazz.RSVCP_Golden_Rose_Fin": {"Price": "115"},
				"Rafseazz.RSVCP_Harvester_Trout": {"Price": "65"},
				"Rafseazz.RSVCP_Lullaby_Carp": {"Price": "115"},
				"Rafseazz.RSVCP_Mountain_Redbelly_Dace": {"Price": "65"},
				"Rafseazz.RSVCP_Mountain_Whitefish": {"Price": "85"},
				"Rafseazz.RSVCP_Pebble_Back_Crab": {"Price": "50"},
				"Rafseazz.RSVCP_Ridge_Bluegill": {"Price": "50"},
				"Rafseazz.RSVCP_Ridgeside_Bass": {"Price": "50"},
				"Rafseazz.RSVCP_Skulpin_Fish": {"Price": "50"},
				"Rafseazz.RSVCP_Deep_Ridge_Angler": {"Price": "2500"},
				"Rafseazz.RSVCP_Sockeye_Salmon": {"Price": "2500"},
				"Rafseazz.RSVCP_Waterfall_Snakehead": {"Price": "2500"},			
			},
            "When": {"HasMod|contains=Rafseazz.RSVCP": true, "Ridgeside Village": true, "Fish": true}
		},
		{
			"Action": "EditData",
			"Target": "Data/Objects",
			"Fields": {
				"Rafseazz.RSVCP_Apricot_Juice": {"Price": "115"},	
				"Rafseazz.RSVCP_Arugula_Roll": {"Price": "305"},	
				"Rafseazz.RSVCP_Autumnal_Serenity": {"Price": "405"},	
				"Rafseazz.RSVCP_Autumn_Dew_Drop_Juice": {"Price": "185"},	
				"Rafseazz.RSVCP_Clementine_Cake": {"Price": "310"},	
				"Rafseazz.RSVCP_Clementine_Juice": {"Price": "60"},	
				"Rafseazz.RSVCP_Cherry_Berry_Shakey": {"Price": "170"},	
				"Rafseazz.RSVCP_Crunchy_Bagel": {"Price": "65"},	
				"Rafseazz.RSVCP_Fluffy_Apple_Crumble": {"Price": "495"},	
				"Rafseazz.RSVCP_Forage_Souffle": {"Price": "160"},	
				"Rafseazz.RSVCP_Forest_Halva": {"Price": "165"},	
				"Rafseazz.RSVCP_Fried_Fish_a_la_Ridge": {"Price": "375"},	
				"Rafseazz.RSVCP_Fried_Mountain_Greens": {"Price": "335"},	
				"Rafseazz.RSVCP_Ginger_Arugula_Fried_Rice": {"Price": "280"},
				"Rafseazz.RSVCP_Ginger_Rangpur_Meringue": {"Price": "305"},				
				"Rafseazz.RSVCP_Highland_Blueberry_Pie": {"Price": "170"},	
				"Rafseazz.RSVCP_Highland_Ice_Cream": {"Price": "240"},	
				"Rafseazz.RSVCP_Highland_Revani": {"Price": "235"},	
				"Rafseazz.RSVCP_Holiday_Ice": {"Price": "295"},	
				"Rafseazz.RSVCP_Honey_Ginger_Whitefish": {"Price": "525"},				
				"Rafseazz.RSVCP_Hundred_Flavor_Doughnut": {"Price": "1520"},	
				"Rafseazz.RSVCP_Honey_Glazed_Salad": {"Price": "680"},	
				"Rafseazz.RSVCP_Jumpy_Coffee_Cake": {"Price": "340"},	
				"Rafseazz.RSVCP_Kedi_Delight": {"Price": "820"},	
				"Rafseazz.RSVCP_Kek_s_Style_Shortcake": {"Price": "320"},	
				"Rafseazz.RSVCP_Kek_s_Small_Dream": {"Price": "200"},
				"Rafseazz.RSVCP_Matcha_Latte": {"Price": "275"},	
				"Rafseazz.RSVCP_Pillowsoft_Cheezy_Sandwich": {"Price": "670"},	
				"Rafseazz.RSVCP_Pink_Frosted_Sprinkled_Doughnut": {"Price": "415"},		
				"Rafseazz.RSVCP_Pumpkin_Darling_Slice": {"Price": "515"},		
				"Rafseazz.RSVCP_Ridge_Apple_Cake": {"Price": "430"},		
				"Rafseazz.RSVCP_Ridge_Fruity_Plate": {"Price": "250"},		
				"Rafseazz.RSVCP_Ridge_Mosaic_Cake": {"Price": "55"},		
				"Rafseazz.RSVCP_Ridgeside_Shaketini": {"Price": "220"},		
				"Rafseazz.RSVCP_Snow_Bowl_Surprise": {"Price": "490"},		
				"Rafseazz.RSVCP_Snowball_Slurpee": {"Price": "285"},		
				"Rafseazz.RSVCP_Springtime_Primetime": {"Price": "430"},		
				"Rafseazz.RSVCP_Strawberry_Lover_Pie": {"Price": "225"},		
				"Rafseazz.RSVCP_Summer_Mountain_Blessing": {"Price": "405"},		
				"Rafseazz.RSVCP_Summit_Iced_Tea": {"Price": "105"},		
				"Rafseazz.RSVCP_Sweet_Cranberry_Cheesecake": {"Price": "425"},		
				"Rafseazz.RSVCP_Tropic_Mango_Cake": {"Price": "335"},	
				"Rafseazz.RSVCP_Wild_Apple_Juice": {"Price": "110"},	
				"Rafseazz.RSVCP_Winter_Night_Feast": {"Price": "320"},	
				"Rafseazz.RSVCP_Zesty_Tuna": {"Price": "390"},					
			},
            "When": {"HasMod|contains=Rafseazz.RSVCP": true, "Ridgeside Village": true, "Food": true}
		},
		{
			"Action": "EditData",
			"Target": "Data/Objects",
			"Fields": {
				"Rafseazz.RSVCP_Spiritual_Essence": {"Price": "75"},
			},
            "When": {"HasMod|contains=Rafseazz.RSVCP": true, "Ridgeside Village": true, "Miscellaneous Items": true}
		},
		{
			"Action": "EditData",
			"Target": "Data/Weapons",
			"Fields": {
				"Rafseazz.RSVCP_Amethyst_Lance": {"MinDamage": "50", "MaxDamage": "75", "Defense": "3", "CritChance": ".10"},
				"Rafseazz.RSVCP_Ark_Blade": {"MinDamage": "40", "MaxDamage": "70", "Defense": "3", "CritChance": ".10"},
				"Rafseazz.RSVCP_Battery_Powered_Battle_Hammer": {"MinDamage": "75", "MaxDamage": "90", "Defense": "3", "CritChance": ".03"},
				"Rafseazz.RSVCP_Battle_Dancer_s_Fan": {"MinDamage": "45", "MaxDamage": "60", "Defense": "3", "CritChance": ".12"},
				"Rafseazz.RSVCP_Blade_of_Rubies": {"MinDamage": "20", "MaxDamage": "40", "Defense": "3", "CritChance": ".06"},
				"Rafseazz.RSVCP_Bladebane": {"MinDamage": "60", "MaxDamage": "90", "Defense": "5", "CritChance": ".12"},
				"Rafseazz.RSVCP_Bronze_Lance": {"MinDamage": "35", "MaxDamage": "50", "Defense": "5", "CritChance": ".10"},
				"Rafseazz.RSVCP_Bubble_Club": {"MinDamage": "40", "MaxDamage": "60", "Defense": "3", "CritChance": ".12"},
				"Rafseazz.RSVCP_Celestine_Sword": {"MinDamage": "35", "MaxDamage": "60", "Defense": "3", "CritChance": ".05"},
				"Rafseazz.RSVCP_Cute_but_Deadly_Knife": {"MinDamage": "20", "MaxDamage": "50", "Defense": "3", "CritChance": ".03"},
				"Rafseazz.RSVCP_Cutlasset": {"MinDamage": "25", "MaxDamage": "40", "Defense": "3", "CritChance": ".12"},
				"Rafseazz.RSVCP_Dagger_Lily": {"MinDamage": "25", "MaxDamage": "50", "Defense": "3", "CritChance": ".05"},
				"Rafseazz.RSVCP_Daggerkin": {"MinDamage": "20", "MaxDamage": "40", "Defense": "3", "CritChance": ".05"},
				"Rafseazz.RSVCP_Death_s_Daughter": {"MinDamage": "25", "MaxDamage": "90", "Defense": "2", "CritChance": ".12"},
				"Rafseazz.RSVCP_Dusked_Kunai": {"MinDamage": "10", "MaxDamage": "100", "Defense": "2", "CritChance": ".05"},
				"Rafseazz.RSVCP_Fairy_Needle": {"MinDamage": "40", "MaxDamage": "60", "Defense": "7", "CritChance": ".05"},
				"Rafseazz.RSVCP_Father_s_Sorrow": {"MinDamage": "60", "MaxDamage": "70", "Defense": "3", "CritChance": ".12"},
				"Rafseazz.RSVCP_Fox_Claw": {"MinDamage": "25", "MaxDamage": "75", "Defense": "3", "CritChance": ".10"},
				"Rafseazz.RSVCP_Free_Lance": {"MinDamage": "60", "MaxDamage": "90", "Defense": "5", "CritChance": ".10"},
				"Rafseazz.RSVCP_Frost_Queen_s_Blade": {"MinDamage": "20", "MaxDamage": "40", "Defense": "3", "CritChance": ".12"},
				"Rafseazz.RSVCP_Golden_Key_Blade": {"MinDamage": "30", "MaxDamage": "65", "Defense": "5", "CritChance": ".12"},
				"Rafseazz.RSVCP_Gourmet_Cooking_Knife": {"MinDamage": "30", "MaxDamage": "55", "Defense": "3", "CritChance": ".10"},
				"Rafseazz.RSVCP_Guardian_Greatsword": {"MinDamage": "60", "MaxDamage": "100", "Defense": "7", "CritChance": ".12"},
				"Rafseazz.RSVCP_Heartbreaker": {"MinDamage": "30", "MaxDamage": "50", "Defense": "3", "CritChance": ".10"},
				"Rafseazz.RSVCP_Icreon": {"MinDamage": "35", "MaxDamage": "60", "Defense": "3", "CritChance": ".12"},
				"Rafseazz.RSVCP_Laborforce": {"MinDamage": "40", "MaxDamage": "80", "Defense": "3", "CritChance": ".12"},
				"Rafseazz.RSVCP_Lovesick": {"MinDamage": "60", "MaxDamage": "80", "Defense": "5", "CritChance": ".10"},
				"Rafseazz.RSVCP_Military_Saber": {"MinDamage": "50", "MaxDamage": "65", "Defense": "5", "CritChance": ".12"},
				"Rafseazz.RSVCP_Mountain_Mistblade": {"MinDamage": "50", "MaxDamage": "75", "Defense": "3", "CritChance": ".05"},
				"Rafseazz.RSVCP_Observer_s_Hatchet": {"MinDamage": "70", "MaxDamage": "90", "Defense": "5", "CritChance": ".12"},
				"Rafseazz.RSVCP_Occult_Blade": {"MinDamage": "40", "MaxDamage": "65", "Defense": "3", "CritChance": ".10"},
				"Rafseazz.RSVCP_Pale_Wings": {"MinDamage": "40", "MaxDamage": "60", "Defense": "3", "CritChance": ".06"},
				"Rafseazz.RSVCP_Pearlskin_Blade": {"MinDamage": "30", "MaxDamage": "50", "Defense": "3", "CritChance": ".05"},
				"Rafseazz.RSVCP_Prideful": {"MinDamage": "25", "MaxDamage": "50", "Defense": "5", "CritChance": ".10"},
				"Rafseazz.RSVCP_Princess_of_Green": {"MinDamage": "45", "MaxDamage": "75", "Defense": "7", "CritChance": ".12"},
				"Rafseazz.RSVCP_Prismarine_Mallet": {"MinDamage": "75", "MaxDamage": "100", "Defense": "3", "CritChance": ".12"},
				"Rafseazz.RSVCP_Reaper_Bane": {"MinDamage": "40", "MaxDamage": "50", "Defense": "3", "CritChance": ".12"},
				"Rafseazz.RSVCP_Ridgeback_Hardshell": {"Defense": "10"},
				"Rafseazz.RSVCP_River_Harpoon": {"MinDamage": "55", "MaxDamage": "80", "Defense": "5", "CritChance": ".10"},
				"Rafseazz.RSVCP_Runic_Greatsword": {"MinDamage": "40", "MaxDamage": "60", "Defense": "3", "CritChance": ".05"},
				"Rafseazz.RSVCP_Safeguard_s_Edge": {"MinDamage": "40", "MaxDamage": "90", "Defense": "5", "CritChance": ".12"},
				"Rafseazz.RSVCP_Sword_of_Idols": {"MinDamage": "35", "MaxDamage": "75", "Defense": "3", "CritChance": ".05"},
				"Rafseazz.RSVCP_The_Green_Gambler": {"MinDamage": "1", "MaxDamage": "250", "Defense": "3", "CritChance": ".10"},
				"Rafseazz.RSVCP_The_Lucky_Penny": {"MinDamage": "55", "MaxDamage": "70", "Defense": "3", "CritChance": ".12"},
				"Rafseazz.RSVCP_The_Madame": {"MinDamage": "80", "MaxDamage": "100", "Defense": "5", "CritChance": ".12"},
				"Rafseazz.RSVCP_The_Prankster": {"MinDamage": "50", "MaxDamage": "125", "Defense": "5", "CritChance": ".12"},
				"Rafseazz.RSVCP_The_Silent_One": {"MinDamage": "25", "MaxDamage": "40", "Defense": "3", "CritChance": ".05"},
				"Rafseazz.RSVCP_The_Singing_Dagger": {"MinDamage": "40", "MaxDamage": "70", "Defense": "3", "CritChance": ".10"},
				"Rafseazz.RSVCP_The_Unbroken": {"MinDamage": "50", "MaxDamage": "60", "Defense": "3", "CritChance": ".12"},
				"Rafseazz.RSVCP_The_Wild_Whip": {"MinDamage": "50", "MaxDamage": "100", "Defense": "3", "CritChance": ".12"},
				"Rafseazz.RSVCP_Tide_Bringer": {"MinDamage": "30", "MaxDamage": "50", "Defense": "5", "CritChance": ".10"},
				"Rafseazz.RSVCP_Tough_Love": {"MinDamage": "70", "MaxDamage": "85", "Defense": "3", "CritChance": ".12"},
				"Rafseazz.RSVCP_Treble_Cleaver": {"MinDamage": "50", "MaxDamage": "120", "CritChance": ".10"},
			},
            "When": {"HasMod|contains=Rafseazz.RSVCP": true, "Ridgeside Village": true}
		},
		{
			"Action": "EditData",
			"Target": "Data/Objects",
			"Fields": {	
				"Rafseazz.RSVCP_Arugula_Roll": { 
				"Buffs": [{"Duration": "600","IsDebuff": false,"CustomAttributes": {"FarmingLevel": "2", "ForagingLevel": "3"}}],
				},		
				"Rafseazz.RSVCP_Autumnal_Serenity": { 
				"Buffs": [{"Duration": "800","IsDebuff": false,"CustomAttributes": {"FarmingLevel": "2", "ForagingLevel": "2", "MaxStamina": "80"}}],
				},		
				"Rafseazz.RSVCP_Autumn_Dew_Drop_Juice": { 
				"Buffs": [{"Duration": "600","IsDebuff": false,"CustomAttributes": {"MiningLevel": "2"}}],
				},	
				"Rafseazz.RSVCP_Clementine_Cake": { 
				"Buffs": [{"Duration": "600","IsDebuff": false,"CustomAttributes": {"ForagingLevel": "3", "MaxStamina": "40"}}],
				},		
				"Rafseazz.RSVCP_Cherry_Berry_Shakey": { 
				"Buffs": [{"Duration": "600","IsDebuff": false,"CustomAttributes": {"Speed": "2", "Attack": "1"}}],
				},				
				"Rafseazz.RSVCP_Fluffy_Apple_Crumble": { 
				"Buffs": [{"Duration": "300","IsDebuff": false,"CustomAttributes": {"MagneticRadius": "64", "Speed": "2", "Defense": "2"}}],
				},	
				"Rafseazz.RSVCP_Forage_Souffle": { 
				"Buffs": [{"Duration": "600","IsDebuff": false,"CustomAttributes": {"ForagingLevel": "2", "MagneticRadius": "1"}}],
				},		
				"Rafseazz.RSVCP_Forest_Halva": { 
				"Buffs": [{"Duration": "600","IsDebuff": false,"CustomAttributes": {"MaxStamina": "30"}}],
				},		
				"Rafseazz.RSVCP_Fried_Fish_a_la_Ridge": { 
				"Buffs": [{"Duration": "500","IsDebuff": false,"CustomAttributes": {"FishingLevel": "4", "LuckLevel": "2"}}],
				},		
				"Rafseazz.RSVCP_Fried_Mountain_Greens": { 
				"Buffs": [{"Duration": "600","IsDebuff": false,"CustomAttributes": {"ForagingLevel": "3", "MagneticRadius": "32"}}],
				},		
				"Rafseazz.RSVCP_Ginger_Arugula_Fried_Rice": { 
				"Buffs": [{"Duration": "600","IsDebuff": false,"CustomAttributes": {"ForagingLevel": "2", "Defense": "1"}}],
				},		
				"Rafseazz.RSVCP_Ginger_Rangpur_Meringue": { 
				"Buffs": [{"Duration": "600","IsDebuff": false,"CustomAttributes": {"FarmingLevel": "2", "Defense": "1"}}],
				},		
				"Rafseazz.RSVCP_Highland_Blueberry_Pie": { 
				"Buffs": [{"Duration": "1000","IsDebuff": false,"CustomAttributes": {"MagneticRadius": "64"}}],
				},		
				"Rafseazz.RSVCP_Highland_Ice_Cream": { 
				"Buffs": [{"Duration": "800","IsDebuff": false,"CustomAttributes": {"Defense": "1"}}],
				},	
				"Rafseazz.RSVCP_Highland_Revani": { 
				"Buffs": [{"Duration": "600","IsDebuff": false,"CustomAttributes": {"FarmingLevel": "1", "ForagingLevel": "1"}}],
				},		
				"Rafseazz.RSVCP_Holiday_Ice": { 
				"Buffs": [{"Duration": "600","IsDebuff": false,"CustomAttributes": {"FishingLevel": "2"}}],
				},	
				"Rafseazz.RSVCP_Honey_Ginger_Whitefish": { 
				"Buffs": [{"Duration": "600","IsDebuff": false,"CustomAttributes": {"FishingLevel": "2", "Defense": "1"}}],
				},	
				"Rafseazz.RSVCP_Hundred_Flavor_Doughnut": { 
				"Buffs": [{"Duration": "500","IsDebuff": false,"CustomAttributes": {"FarmingLevel": "1", "FishingLevel": "1", "MiningLevel": "1", "LuckLevel": "1", "ForagingLevel": "1", "MaxStamina": "30", "MagneticRadius": "32", "Speed": "1", "Defense": "1", "Attack": "1"}}],
				},	
				"Rafseazz.RSVCP_Honey_Glazed_Salad": { 
				"Buffs": [{"Duration": "600","IsDebuff": false,"CustomAttributes": {"FarmingLevel": "1", "ForagingLevel": "2", "MaxStamina": "40"}}],
				},		
				"Rafseazz.RSVCP_Jumpy_Coffee_Cake": { 
				"Buffs": [{"Duration": "500","IsDebuff": false,"CustomAttributes": {"Speed": "2"}}],
				},	
				"Rafseazz.RSVCP_Kedi_Delight": { 
				"Buffs": [{"Duration": "600","IsDebuff": false,"CustomAttributes": {"MagneticRadius": "32", "Speed": "1"}}],
				},	
				"Rafseazz.RSVCP_Kek_s_Style_Shortcake": { 
				"Buffs": [{"Duration": "600","IsDebuff": false,"CustomAttributes": {"FarmingLevel": "2", "MagneticRadius": "32", "Speed": "1"}}],
				},		
				"Rafseazz.RSVCP_Kek_s_Small_Dream": { 
				"Buffs": [{"Duration": "600","IsDebuff": false,"CustomAttributes": {"Defense": "1", "Attack": "1"}}],
				},	
				"Rafseazz.RSVCP_Matcha_Latte": { 
				"Buffs": [{"Duration": "1000","IsDebuff": false,"CustomAttributes": {"Speed": "2"}}],
				},		
				"Rafseazz.RSVCP_Pillowsoft_Cheezy_Sandwich": { 
				"Buffs": [{"Duration": "600","IsDebuff": false,"CustomAttributes": {"LuckLevel": "1", "ForagingLevel": "2", "MaxStamina": "30"}}],
				},	
				"Rafseazz.RSVCP_Pink_Frosted_Sprinkled_Doughnut": { 
				"Buffs": [{"Duration": "600","IsDebuff": false,"CustomAttributes": {"MiningLevel": "1", "LuckLevel": "1", "Attack": "1"}}],
				},		
				"Rafseazz.RSVCP_Pumpkin_Darling_Slice": { 
				"Buffs": [{"Duration": "600","IsDebuff": false,"CustomAttributes": {"Defense": "2"}}],
				},		
				"Rafseazz.RSVCP_Ridge_Apple_Cake": { 
				"Buffs": [{"Duration": "600","IsDebuff": false,"CustomAttributes": {"FarmingLevel": "2", "ForagingLevel": "3"}}],
				},	
				"Rafseazz.RSVCP_Ridge_Fruity_Plate": { 
				"Buffs": [{"Duration": "600","IsDebuff": false,"CustomAttributes": {"MagneticRadius": "64", "Speed": "1", "Defense": "1"}}],
				},		
				"Rafseazz.RSVCP_Ridge_Mosaic_Cake": { 
				"Buffs": [{"Duration": "800","IsDebuff": false,"CustomAttributes": {"Defense": "1"}}],
				},		
				"Rafseazz.RSVCP_Ridgeside_Shaketini": { 
				"Buffs": [{"Duration": "600","IsDebuff": false,"CustomAttributes": {"LuckLevel": "1", "Speed": "1"}}],
				},		
				"Rafseazz.RSVCP_Snow_Bowl_Surprise": { 
				"Buffs": [{"Duration": "800","IsDebuff": false,"CustomAttributes": {"MaxStamina": "40", "MagneticRadius": "64"}}],
				},		
				"Rafseazz.RSVCP_Snowball_Slurpee": { 
				"Buffs": [{"Duration": "600","IsDebuff": false,"CustomAttributes": {"Speed": "1", "Defense": "1"}}],
				},	
				"Rafseazz.RSVCP_Springtime_Primetime": { 
				"Buffs": [{"Duration": "600","IsDebuff": false,"CustomAttributes": {"MagneticRadius": "64", "Speed": "2", "Defense": "2"}}],
				},			
				"Rafseazz.RSVCP_Strawberry_Lover_Pie": { 
				"Buffs": [{"Duration": "1000","IsDebuff": false,"CustomAttributes": {"MagneticRadius": "64"}}],
				},	
				"Rafseazz.RSVCP_Summer_Mountain_Blessing": { 
				"Buffs": [{"Duration": "800","IsDebuff": false,"CustomAttributes": {"FishingLevel": "2", "LuckLevel": "2", "MaxStamina": "80"}}],
				},		
				"Rafseazz.RSVCP_Sweet_Cranberry_Cheesecake": { 
				"Buffs": [{"Duration": "600","IsDebuff": false,"CustomAttributes": {"ForagingLevel": "1", "Attack": "2"}}],
				},		
				"Rafseazz.RSVCP_Tropic_Mango_Cake": { 
				"Buffs": [{"Duration": "600","IsDebuff": false,"CustomAttributes": {"MiningLevel": "1", "MagneticRadius": "32", "Speed": "1"}}],
				},		
				"Rafseazz.RSVCP_Winter_Night_Feast": { 
				"Buffs": [{"Duration": "600","IsDebuff": false,"CustomAttributes": {"MiningLevel": "2", "MaxStamina": "30", "MagneticRadius": "32", "Attack": "2"}}],
				},	
				"Rafseazz.RSVCP_Zesty_Tuna": { 
				"Buffs": [{"Duration": "600","IsDebuff": false,"CustomAttributes": {"FishingLevel": "4", "MiningLevel": "1", "MaxStamina": "30"}}],
				},					
				},		
			"When": {"HasMod|contains=Rafseazz.RSVCP": true, "Ridgeside Village": true, "Food Buffs": true}
		},
		{
			"Action": "EditData",
			"Target": "Data/Shops",
			"TargetField": ["RSVKimpoiShop","Items"],
			"Fields": {
				"Rafseazz.RSVCP.KimpoiShopItem1": {"Price": "2200", "IgnoreShopPriceModifiers": true}, //Cherry Pluot
				"Rafseazz.RSVCP.KimpoiShopItem2": {"Price": "2200", "IgnoreShopPriceModifiers": true}, //Highland Jostaberry
				"Rafseazz.RSVCP.KimpoiShopItem3": {"Price": "2300", "IgnoreShopPriceModifiers": true}, //Mountain Plumcot
				"Rafseazz.RSVCP.KimpoiShopItem4": {"Price": "2000", "IgnoreShopPriceModifiers": true}, //Northern Limequat
				"Rafseazz.RSVCP.KimpoiShopItem5": {"Price": "2000", "IgnoreShopPriceModifiers": true}, //Paradise Rangpur
				"Rafseazz.RSVCP.KimpoiShopItem6": {"Price": "1900", "IgnoreShopPriceModifiers": true}, //Tropi Ugli Fruit
				"Rafseazz.RSVCP.KimpoiShopItem7": {"Price": "2200", "IgnoreShopPriceModifiers": true}, //Desert Tangelo
				"Rafseazz.RSVCP.KimpoiShopItem8": {"Price": "2300", "IgnoreShopPriceModifiers": true}, //Ember Blood Lime
			},
            "When": {"HasMod|contains=Rafseazz.RSVCP": true, "Ridgeside Village": true, "Fruit Trees": true}	
		},
	    {
			"Action": "EditData",
			"Target": "Data/CraftingRecipes",
			"Fields": {
			    "Warp Totem: Ridgeside": {0:"709 1 Rafseazz.RSVCP_Mountain_Mistbloom 1 Rafseazz.RSVCP_Spiritual_Essence 5"},
			},
			"When": {"HasMod|contains=Rafseazz.RSVCP": true, "Ridgeside Village": true, "Warp Totems": true}
		},
	]
}