{
	"Vanilla": {
        "Spring Crops": "Spring Crops/O 465 20/24 1 0 188 1 0 190 1 0 192 1 0/0//0",
        "Summer Crops": "Summer Crops/O 621 1/256 1 0 260 1 0 258 1 0 254 1 0/3//1",
        "Fall Crops": "Fall Crops/BO 10 1/270 1 0 272 1 0 276 1 0 280 1 0/2//2",
        "Quality Crops": "Quality Crops/BO 15 1/190 5 2 254 5 2 276 5 2 270 5 2/2/3/3",
        "Rare Crops": "Rare Crops/BO 15 1/454 1 0 417 1 0/2/1/LooseSprites\\BundleSprites:3",
        "Animal": "Animal/BO 16 1/186 1 0 182 1 0 174 1 0 438 1 0 440 1 0 442 1 0/1/5/4",
        "Fish Farmer's": "Fish Farmer's/BO 154 1/812 15 0 447 15 0 814 1 0/5/2/LooseSprites\\BundleSprites:8",
        "Garden": "Garden/O 621 1/591 1 0 593 1 0 595 1 0 597 1 0 421 1 0/1/4/LooseSprites\\BundleSprites:7",
        "Artisan": "Artisan/BO 12 1/432 1 0 428 1 0 426 1 0 424 1 0 340 1 0 344 1 0 613 1 0 635 1 0 636 1 0 637 1 0 638 1 0/0/6/5",
        "Brewer's": "Brewer's/BO 12 1/459 1 0 348 1 0 350 1 0 303 1 0 614 1 0/3/4/LooseSprites\\BundleSprites:2",
        "River Fish": "River Fish/O DeluxeBait 30/145 1 0 143 1 0 706 1 0 699 1 0/6//6",
        "Lake Fish": "Lake Fish/O 687 1/136 1 0 142 1 0 700 1 0 698 1 0/0//7",
        "Ocean Fish": "Ocean Fish/O 690 5/131 1 0 130 1 0 150 1 0 701 1 0/5//8",
        "Night Fishing": "Night Fishing/R 517 1/140 1 0 132 1 0 148 1 0/1//9",
        "Specialty Fish": "Specialty Fish/O 242 5/128 1 0 156 1 0 164 1 0 734 1 0/4/4/10",
        "Quality Fish": "Quality Fish/O 242 5/136 1 2 706 1 2 130 1 2 140 1 2/4/4/LooseSprites\\BundleSprites:4",
        "Master Fisher's": "Master Fisher's/O 242 5/162 1 0 165 1 0 149 1 0 800 1 0/4/2/12",
        "Crab Pot": "Crab Pot/O 710 3/715 1 0 716 1 0 717 1 0 718 1 0 719 1 0 720 1 0 721 1 0 722 1 0 723 1 0 372 1 0/1/5/11",
        "Spring Foraging": "Spring Foraging/O 495 30/16 1 0 18 1 0 20 1 0 22 1 0/0//13",
        "Summer Foraging": "Summer Foraging/O 496 30/396 1 0 398 1 0 402 1 0/3//14",
        "Fall Foraging": "Fall Foraging/O 497 30/404 1 0 406 1 0 408 1 0 410 1 0/2//15",
        "Winter Foraging": "Winter Foraging/O 498 30/412 1 0 414 1 0 416 1 0 418 1 0/6//16",
        "Construction": "Construction/BO 114 1/388 99 0 388 99 0 390 99 0 709 10 0/4//17",
        "Sticky": "Sticky/BO 114 1/92 500 0/3//LooseSprites\\BundleSprites:10",
        "Forest": "Forest/BO 114 1/Moss 10 0 771 200 0 301 10 0 310 10 0/0//LooseSprites\\BundleSprites:12",
        "Exotic Foraging": "Exotic Foraging/O 235 5/88 1 0 90 1 0 78 1 0 420 1 0 422 1 0 724 1 0 725 1 0 726 1 0 257 1 0/1/5/19",
        "Wild Medicine": "Wild Medicine/O 926 2/422 5 0 259 5 0 157 5 0 304 5 0/0/3/LooseSprites\\BundleSprites:9",
        "Blacksmith's": "Blacksmith's/BO 13 1/334 1 0 335 1 0 336 1 0/2/3/20",
        "Geologist's": "Geologist's/O 749 5/80 1 0 86 1 0 84 1 0 82 1 0/1/4/21",
        "Adventurer's": "Adventurer's/R 518 1/766 99 0 767 10 0 768 1 0 769 1 0 881 10 0/1/2/22",
        "Treasure Hunter's": "Treasure Hunter's/O 204 1/66 1 0 68 1 0 60 1 0 72 1 0 64 1 0 62 1 0/4/5/LooseSprites\\BundleSprites:1",
        "Engineer's": "Engineer's/BO 13 2/386 1 0 787 1 0 338 5 0/1/3/LooseSprites\\BundleSprites:11",
        "Vault/23": "2,500g/O 220 3/-1 2500 2500/4",
        "Vault/24": "5,000g/O 369 30/-1 5000 5000/2",
        "Vault/25": "10,000g/BO 9 1/-1 10000 10000/3",
        "Vault/26": "25,000g/BO 21 1/-1 25000 25000/1",
        "Chef's": "Chef's/O 221 3/724 1 0 259 1 0 430 1 0 376 1 0 228 1 0 194 1 0/4//31",
        "Field Research": "Field Research/BO 20 1/422 1 0 392 1 0 702 1 0 536 1 0/5//32",
        "Enchanter's": "Enchanter's/O 336 5/725 1 0 348 1 0 446 1 0 637 1 0/1//33",
        "Dye": "Dye/BO 25 1/420 1 0 397 1 0 421 1 0 444 1 0 62 1 0 266 1 0/6//34",
        "Fodder": "Fodder/BO 104 1/262 10 0 178 10 0 613 3 0/3//35",
        "Children's": "Children's/O 787 3/103 1 0 233 1 0 223 1 0 296 10 0/0/3/LooseSprites\\BundleSprites:0",
        "Forager's": "Forager's/BO 195 3/296 50 0 410 50 0 406 15 0/2/2/LooseSprites\\BundleSprites:5",
        "Home Cook's": "Home Cook's/O 291 5/194 10 0 195 10 0 246 100 0/3//LooseSprites\\BundleSprites:6",
        "Helper's": "Helper's/O StardropTea 1/PrizeTicket 1 0 MysteryBox 5 0/4//LooseSprites\\BundleSprites:13",
        "Spirit's Eve": "Spirit's Eve/O 201 5/746 1 0 270 10 0 767 10 0/1//LooseSprites\\BundleSprites:19",
        "Winter Star": "Winter Star/O MysteryBox 3/283 5 0 604 1 0 239 1 0 Powdermelon 5 0/4/2/LooseSprites\\BundleSprites:20",
        "The Missing": "The Missing//348 1 1 807 1 0 74 1 0 454 5 2 795 1 2 445 1 0/1/5"
	},
	"SVBO": {
		"Spring Crops": "Spring Crops/O 599 2/24 3 0 188 3 0 190 3 0 192 3 0/0",
		"Summer Crops": "Summer Crops/O 621 2/256 3 0 260 3 0 258 3 0 254 3 0/3",
		"Fall Crops": "Fall Crops/BO 10 2/270 3 0 272 3 0 276 3 0 280 3 0/2",
		"Quality Crops": "Quality Crops/BO 15 3/24 5 2 254 5 2 276 5 2 270 5 2/6/3",
	    "Rare Crops": "Rare Crops/BO 15 3/454 5 0 417 3 0/2/1/LooseSprites\\BundleSprites:3",
		"Animal": "Animal/BO 16 2/442 3 0 182 2 0 174 2 0 186 2 0 438 2 0 440 1 0/4/5",
	    "Fish Farmer's": "Fish Farmer's/BO 154 2/812 15 0 447 15 0 814 3 0/5/2/LooseSprites\\BundleSprites:8",
	    "Garden": "Garden/O 599 2/591 3 0 597 3 0 593 3 0 421 3 0 595 2 0/1/4/LooseSprites\\BundleSprites:7",
		"Artisan": "Artisan/BO 12 3/426 3 0 424 3 0 340 3 0 344 3 0 432 1 0 428 1 0 613 1 0 634 1 0 635 1 0 636 1 0 637 1 0 638 1 0/1/6",
	    "Brewer's": "Brewer's/BO 117 1/459 3 0 303 3 0 348 3 0 350 3 0 614 3 0/3/4/LooseSprites\\BundleSprites:2",
		"Spring Foraging": "Spring Foraging/O 465 50/16 3 0 18 3 0 20 3 0 22 3 0/0",
		"Summer Foraging": "Summer Foraging/O 369 50/396 3 0 398 3 0 402 3 0/3",
		"Fall Foraging": "Fall Foraging/O 466 50/404 3 0 406 3 0 408 3 0 410 3 0/2",
		"Winter Foraging": "Winter Foraging/O 498 50/412 3 0 414 3 0 416 3 0 418 3 0/6",
		"Construction": "Construction/O 287 30/388 500 0 330 20 0 390 200 0 709 30 0/4",
        "Sticky": "Sticky/O 287 30/92 500 0/3/1/LooseSprites\\BundleSprites:10",
        "Forest": "Forest/O 287 30/771 200 0 Moss 10 0 309 10 0 310 10 0/0/3/LooseSprites\\BundleSprites:12",
		"Exotic Foraging": "Exotic Foraging/O 805 20/88 3 0 90 3 0 78 3 0 420 3 0 724 2 0 725 2 0 726 2 0 257 1 0 422 1 0/1/6",
	    "Wild Medicine": "Wild Medicine/BO MushroomLog 2/422 3 0 259 3 0 157 3 0 304 3 0/0/3/LooseSprites\\BundleSprites:9",
		"River Fish": "River Fish/O 774 50/145 3 0 706 3 0 699 3 0 143 1 0/6",
		"Lake Fish": "Lake Fish/O DeluxeBait 50/136 3 0 142 3 0 700 3 0 698 1 0/0",
		"Ocean Fish": "Ocean Fish/BO 154 2/131 3 0 130 3 0 150 3 0 701 3 0/5",
		"Night Fishing": "Night Fishing/R 517 5/140 3 0 132 3 0 148 2 0/1",
		"Specialty Fish": "Specialty Fish/O 908 30/156 3 0 164 3 0 734 3 0 128 2 0/4",
	    "Quality Fish": "Quality Fish/O 908 30/136 3 2 706 3 2 130 3 2 140 3 2/4/4/LooseSprites\\BundleSprites:4",
        "Master Fisher's": "Master Fisher's/O 908 30/162 3 0 165 3 0 149 3 0 800 3 0/4/2/12",
		"Crab Pot": "Crab Pot/O 710 5/718 3 0 719 3 0 723 3 0 372 3 0 722 2 0 715 2 0 716 2 0 717 2 0 720 2 0 721 2 0/1/6",
		"Blacksmith's": "Blacksmith's/BO 13 2/334 3 0 335 3 0 336 3 0/2",
		"Geologist's": "Geologist's/O 749 10/80 3 0 86 2 0 84 2 0 82 2 0/1",
		"Adventurer's": "Adventurer's/R 519 1/766 100 0 767 20 0 768 3 0 769 3 0/1",
	    "Treasure Hunter's": "Treasure Hunter's/BO 9 2/66 3 0 62 3 0 72 1 0 60 3 0 64 3 0 68 3 0/4/5/LooseSprites\\BundleSprites:1",
	    "Engineer's": "Engineer's/BO 13 2/338 10 0 386 3 0 787 3 0/1/3/LooseSprites\\BundleSprites:11",
		"Vault/23": "2,500g/O 879 3/-1 2500 2500/4",
		"Vault/24": "5,000g/BO 9 2/-1 5000 5000/2",
		"Vault/25": "10,000g/O 645 1/-1 10000 10000/3",
		"Vault/26": "25,000g/BO 21 2/-1 25000 25000/1",
		"Chef's": "Chef's/O 221 5/376 3 0 228 3 0 194 3 0 724 2 0 259 2 0 430 2 0/4",
		"Field Research": "Field Research/BO 20 3/702 3 0 536 3 0 422 2 0 392 2 0/5",
		"Enchanter's": "Enchanter's/BO 105 3/725 3 0 348 3 0 637 3 0 446 1 0/1",
		"Dye": "Dye/BO 25 2/420 3 0 397 3 0 421 3 0 62 3 0 266 3 0 444 2 0/6",
		"Fodder": "Fodder/BO 24 2/178 50 0 262 20 0 157 5 0 613 3 0/3",
	    "Children's": "Children's/O 787 10/296 20 0 223 3 0 612 3 0 233 3 0/0/3/LooseSprites\\BundleSprites:0",
	    "Forager's": "Forager's/BO 105 3/296 30 0 410 30 0 406 10 0/2/2/LooseSprites\\BundleSprites:5",
	    "Home Cook's": "Home Cook's/O 204 5/246 100 0 -5 20 0 -6 20 0/3/3/LooseSprites\\BundleSprites:6",
        "Helper's": "Helper's/O StardropTea 3/PrizeTicket 3 0 MysteryBox 10 0/4/2/LooseSprites\\BundleSprites:13",
        "Spirit's Eve": "Spirit's Eve/O 236 5/270 20 0 767 20 0 746 1 0/1/3/LooseSprites\\BundleSprites:19",
        "Winter Star": "Winter Star/O MysteryBox 10/283 10 0 Powdermelon 10 0 604 3 0 239 3 0/4/3/LooseSprites\\BundleSprites:20",
		"The Missing": "The Missing/O 645 2/454 10 2 795 3 2 348 1 2 445 3 0 807 2 0 74 1 0/1/5",
	},
	"SVBO_SVE": {
		"Spring Crops": "Spring Crops/O 599 2/24 3 0 188 3 0 190 3 0 192 3 0 FlashShifter.StardewValleyExpandedCP_Cucumber 3 0/0",
		"Summer Crops": "Summer Crops/O 621 2/256 3 0 260 3 0 258 3 0 254 3 0 FlashShifter.StardewValleyExpandedCP_Butternut_Squash 3 0/3",
		"Fall Crops": "Fall Crops/BO 10 2/270 3 0 272 3 0 276 3 0 280 3 0 FlashShifter.StardewValleyExpandedCP_Sweet_Potato 3 0/2",
		"Quality Crops": "Quality Crops/BO 15 3/24 5 2 254 5 2 276 5 2 270 5 2 FlashShifter.StardewValleyExpandedCP_Cucumber 5 2 FlashShifter.StardewValleyExpandedCP_Butternut_Squash 5 2 FlashShifter.StardewValleyExpandedCP_Sweet_Potato 5 2/6/5",
	    "Rare Crops": "Rare Crops/BO 15 3/454 5 0 417 3 0/2/1/LooseSprites\\BundleSprites:3",
		"Animal": "Animal/BO 16 2/442 3 0 182 2 0 174 2 0 186 2 0 438 2 0 440 1 0/4",
	    "Fish Farmer's": "Fish Farmer's/BO 154 2/812 15 0 447 15 0 814 3 0/5/2/LooseSprites\\BundleSprites:8",
	    "Garden": "Garden/O 599 2/591 3 0 597 3 0 593 3 0 421 3 0 595 2 0/1/4/LooseSprites\\BundleSprites:7",
		"Artisan": "Artisan/BO 12 3/426 3 0 424 3 0 340 3 0 344 3 0 432 1 0 428 1 0 FlashShifter.StardewValleyExpandedCP_Butter 3 0 634 1 0 635 1 0 FlashShifter.StardewValleyExpandedCP_Nectarine 1 0 637 1 0 FlashShifter.StardewValleyExpandedCP_Pear 1 0/1/9",
	    "Brewer's": "Brewer's/BO 117 1/459 3 0 303 3 0 348 3 0 350 3 0 614 3 0/3/4/LooseSprites\\BundleSprites:2",
		"Spring Foraging": "Spring Foraging/O 465 50/16 3 0 18 3 0 20 3 0 22 3 0 FlashShifter.StardewValleyExpandedCP_Smelly_Rafflesia 1 0/0",
		"Summer Foraging": "Summer Foraging/O 369 50/396 3 0 398 3 0 402 3 0 FlashShifter.StardewValleyExpandedCP_Poison_Mushroom 3 0 FlashShifter.StardewValleyExpandedCP_Red_Baneberry 3 0/3",
		"Fall Foraging": "Fall Foraging/O 466 50/404 3 0 406 3 0 408 3 0 410 3 0 FlashShifter.StardewValleyExpandedCP_Mushroom_Colony 3 0/2",
		"Winter Foraging": "Winter Foraging/O 498 50/412 3 0 414 3 0 416 3 0 418 3 0 FlashShifter.StardewValleyExpandedCP_Bearberrys 3 0/6",
		"Construction": "Construction/O 287 30/388 500 0 330 20 0 390 200 0 709 30 0/4",
        "Sticky": "Sticky/O 287 30/92 500 0/3/1/LooseSprites\\BundleSprites:10",
        "Forest": "Forest/O 287 30/771 200 0 Moss 10 0 309 10 0 310 10 0/0/3/LooseSprites\\BundleSprites:12",
		"Exotic Foraging": "Exotic Foraging/O 805 20/88 3 0 90 3 0 78 3 0 420 3 0 724 2 0 725 2 0 FlashShifter.StardewValleyExpandedCP_Birch_Water 2 0 FlashShifter.StardewValleyExpandedCP_Fir_Wax 2 0 726 2 0 257 1 0 422 1 0/1/9",
	    "Wild Medicine": "Wild Medicine/BO MushroomLog 2/422 3 0 259 3 0 157 3 0 304 3 0/0/3/LooseSprites\\BundleSprites:9",
		"River Fish": "River Fish/O 774 50/145 3 0 706 3 0 699 3 0 143 1 0 FlashShifter.StardewValleyExpandedCP_Minnow 3 0/6",
		"Lake Fish": "Lake Fish/O DeluxeBait 50/136 3 0 142 3 0 700 3 0 FlashShifter.StardewValleyExpandedCP_Tadpole 3 0 698 1 0/0",
		"Ocean Fish": "Ocean Fish/BO 154 2/131 3 0 130 3 0 150 3 0 701 3 0 FlashShifter.StardewValleyExpandedCP_Starfish 2 0/5",
		"Night Fishing": "Night Fishing/R 517 5/140 3 0 132 3 0 148 2 0 FlashShifter.StardewValleyExpandedCP_Frog 2 0/1",
		"Specialty Fish": "Specialty Fish/O 908 30/156 3 0 164 3 0 734 3 0 128 2 0 FlashShifter.StardewValleyExpandedCP_Puppyfish 1 0 FlashShifter.StardewValleyExpandedCP_King_Salmon 1 0 FlashShifter.StardewValleyExpandedCP_Butterfish 1 0/4",
	    "Quality Fish": "Quality Fish/O 908 30/136 3 2 706 3 2 130 3 2 140 3 2/4/4/LooseSprites\\BundleSprites:4",
        "Master Fisher's": "Master Fisher's/O 908 30/162 3 0 165 3 0 149 3 0 800 3 0/4/2/12",
		"Crab Pot": "Crab Pot/O 710 5/718 3 0 719 3 0 723 3 0 372 3 0 722 2 0 715 2 0 716 2 0 717 2 0 720 2 0 721 2 0/1/6",
		"Blacksmith's": "Blacksmith's/BO 13 2/334 3 0 335 3 0 336 3 0/2",
		"Geologist's": "Geologist's/O 749 10/80 3 0 86 2 0 84 2 0 82 2 0/1",
		"Adventurer's": "Adventurer's/R 519 1/766 100 0 767 20 0 768 3 0 769 3 0/1",
	    "Treasure Hunter's": "Treasure Hunter's/BO 9 2/66 3 0 62 3 0 72 1 0 60 3 0 64 3 0 68 3 0/4/5/LooseSprites\\BundleSprites:1",
	    "Engineer's": "Engineer's/BO 13 2/338 10 0 386 3 0 787 3 0/1/3/LooseSprites\\BundleSprites:11",
		"Vault/23": "2,500g/BO 105 3/-1 2500 2500/4",
		"Vault/24": "5,000g/BO 9 2/-1 5000 5000/2",
		"Vault/25": "10,000g/O 645 1/-1 10000 10000/3",
		"Vault/26": "25,000g/BO 21 2/-1 25000 25000/1",
		"Chef's": "Chef's/O 221 5/376 3 0 228 3 0 194 3 0 724 2 0 259 2 0 430 2 0 FlashShifter.StardewValleyExpandedCP_Seaweed_Salad 2 0 FlashShifter.StardewValleyExpandedCP_Candy 2 0/4",
		"Field Research": "Field Research/BO 20 3/702 3 0 536 3 0 422 2 0 392 2 0 FlashShifter.StardewValleyExpandedCP_Big_Conch 2 0 FlashShifter.StardewValleyExpandedCP_Amber 2 0/5",
		"Enchanter's": "Enchanter's/O 879 3/725 3 0 348 3 0 637 3 0 446 1 0 FlashShifter.StardewValleyExpandedCP_Lucky_Four_Leaf_Clover 1 0/1",
		"Dye": "Dye/BO 25 2/420 3 0 397 3 0 421 3 0 62 3 0 266 3 0 444 2 0 FlashShifter.StardewValleyExpandedCP_Persimmon 3 0/6",
		"Fodder": "Fodder/BO 24 2/178 50 0 262 20 0 157 5 0 FlashShifter.StardewValleyExpandedCP_Dulse_Seaweed 5 0 613 3 0/3",
	    "Children's": "Children's/O 787 10/394 3 0 223 3 0 612 3 0 233 3 0/0/3/LooseSprites\\BundleSprites:0",
	    "Forager's": "Forager's/BO MushroomLog 2/296 30 0 410 30 0 406 10 0 FlashShifter.StardewValleyExpandedCP_Mushroom_Colony 5 0/2/3/LooseSprites\\BundleSprites:5",
	    "Home Cook's": "Home Cook's/O 204 5/246 100 0 -5 20 0 -6 20 0/3/3/LooseSprites\\BundleSprites:6",
        "Helper's": "Helper's/O StardropTea 3/PrizeTicket 3 0 MysteryBox 10 0/4/2/LooseSprites\\BundleSprites:13",
        "Spirit's Eve": "Spirit's Eve/O 236 5/270 20 0 767 20 0 746 1 0/1/3/LooseSprites\\BundleSprites:19",
        "Winter Star": "Winter Star/O MysteryBox 10/283 10 0 Powdermelon 10 0 604 3 0 239 3 0/4/3/LooseSprites\\BundleSprites:20",
		"The Missing": "The Missing/O 645 2/454 10 2 795 3 2 348 1 2 445 3 0 807 2 0 74 1 0 FlashShifter.StardewValleyExpandedCP_Shark 1 0/1/6",
	},
	"SVBO_RSV": {
		"Spring Crops": "Spring Crops/O 599 2/24 3 0 188 3 0 190 3 0 192 3 0/0",
		"Summer Crops": "Summer Crops/O 621 2/256 3 0 260 3 0 258 3 0 254 3 0/3",
		"Fall Crops": "Fall Crops/BO 10 2/270 3 0 272 3 0 276 3 0 280 3 0/2",
		"Quality Crops": "Quality Crops/BO 15 3/24 5 2 254 5 2 276 5 2 270 5 2/6/3",
	    "Rare Crops": "Rare Crops/BO 15 3/454 5 0 417 3 0/2/1/LooseSprites\\BundleSprites:3",
		"Animal": "Animal/BO 16 2/442 3 0 182 2 0 174 2 0 186 2 0 438 2 0 440 1 0/4/5",
	    "Fish Farmer's": "Fish Farmer's/BO 154 2/812 15 0 447 15 0 814 3 0/5/2/LooseSprites\\BundleSprites:8",
	    "Garden": "Garden/O 599 2/591 3 0 597 3 0 593 3 0 421 3 0 595 2 0/1/4/LooseSprites\\BundleSprites:7",
		"Artisan": "Artisan/BO 12 3/426 3 0 424 3 0 340 3 0 344 3 0 432 1 0 428 1 0 613 1 0 634 1 0 635 1 0 636 1 0 637 1 0 638 1 0/1/6",
	    "Brewer's": "Brewer's/BO 117 1/459 3 0 303 3 0 348 3 0 350 3 0 614 3 0/3/4/LooseSprites\\BundleSprites:2",
		"Spring Foraging": "Spring Foraging/O 465 50/16 3 0 18 3 0 20 3 0 22 3 0 Rafseazz.RSVCP_Mountain_Arugula 3 0/0",
		"Summer Foraging": "Summer Foraging/O 369 50/396 3 0 398 3 0 402 3 0 Rafseazz.RSVCP_Mountain_Chico 3 0/3",
		"Fall Foraging": "Fall Foraging/O 466 50/404 3 0 406 3 0 408 3 0 410 3 0 Rafseazz.RSVCP_Autumn_Drop_Berry 3 0/2",
		"Winter Foraging": "Winter Foraging/O 498 50/412 3 0 414 3 0 416 3 0 418 3 0 Rafseazz.RSVCP_Frost_Clump_Berry 3 0/6",
		"Construction": "Construction/O 287 30/388 500 0 330 20 0 390 200 0 709 30 0/4",
        "Sticky": "Sticky/O 287 30/92 500 0/3/1/LooseSprites\\BundleSprites:10",
        "Forest": "Forest/O 287 30/771 200 0 Moss 10 0 309 10 0 310 10 0/0/3/LooseSprites\\BundleSprites:12",
		"Exotic Foraging": "Exotic Foraging/O 805 20/88 3 0 90 3 0 78 3 0 420 3 0 724 2 0 725 2 0 726 2 0 Rafseazz.RSVCP_Mountain_Mistbloom 2 0 257 1 0 422 1 0/1/7",
	    "Wild Medicine": "Wild Medicine/BO MushroomLog 2/422 3 0 259 3 0 157 3 0 304 3 0/0/3/LooseSprites\\BundleSprites:9",
		"River Fish": "River Fish/O 774 50/145 3 0 706 3 0 699 3 0 Rafseazz.RSVCP_Harvester_Trout 2 0 143 1 0/6",
		"Lake Fish": "Lake Fish/O DeluxeBait 50/136 3 0 142 3 0 700 3 0 Rafseazz.RSVCP_Mountain_Whitefish 2 0 698 1 0/0",
		"Ocean Fish": "Ocean Fish/BO 154 2/131 3 0 130 3 0 150 3 0 701 3 0/5",
		"Night Fishing": "Night Fishing/R 517 5/140 3 0 132 3 0 148 2 0/1",
		"Specialty Fish": "Specialty Fish/O 908 30/156 3 0 164 3 0 734 3 0 128 2 0/4",
	    "Quality Fish": "Quality Fish/O 908 30/136 3 2 706 3 2 130 3 2 140 3 2/4/4/LooseSprites\\BundleSprites:4",
        "Master Fisher's": "Master Fisher's/O 908 30/162 3 0 165 3 0 149 3 0 800 3 0/4/2/12",
		"Crab Pot": "Crab Pot/O 710 5/718 3 0 719 3 0 723 3 0 372 3 0 722 2 0 715 2 0 716 2 0 717 2 0 720 2 0 721 2 0/1/6",
		"Blacksmith's": "Blacksmith's/BO 13 2/334 3 0 335 3 0 336 3 0/2",
		"Geologist's": "Geologist's/O 749 10/80 3 0 86 2 0 84 2 0 82 2 0/1",
		"Adventurer's": "Adventurer's/R 519 1/766 100 0 767 20 0 768 3 0 769 3 0 Rafseazz.RSVCP_Spiritual_Essence 3 0/1",
	    "Treasure Hunter's": "Treasure Hunter's/BO 9 2/66 3 0 62 3 0 72 1 0 60 3 0 64 3 0 68 3 0/4/5/LooseSprites\\BundleSprites:1",
	    "Engineer's": "Engineer's/BO 13 2/338 10 0 386 3 0 787 3 0/1/3/LooseSprites\\BundleSprites:11",
		"Vault/23": "2,500g/BO 105 3/-1 2500 2500/4",
		"Vault/24": "5,000g/BO 9 2/-1 5000 5000/2",
		"Vault/25": "10,000g/O 645 1/-1 10000 10000/3",
		"Vault/26": "25,000g/BO 21 2/-1 25000 25000/1",
		"Chef's": "Chef's/O 221 5/376 3 0 228 3 0 194 3 0 724 2 0 259 2 0 430 2 0 Rafseazz.RSVCP_Ridge_Fruity_Plate 2 0/4",
		"Field Research": "Field Research/BO 20 3/702 3 0 536 3 0 422 2 0 392 2 0/5",
		"Enchanter's": "Enchanter's/O 879 3/725 3 0 348 3 0 637 3 0 446 1 0/1",
		"Dye": "Dye/BO 25 2/420 3 0 397 3 0 421 3 0 62 3 0 266 3 0 444 2 0/6",
		"Fodder": "Fodder/BO 24 2/178 50 0 262 20 0 157 5 0 613 3 0/3",
	    "Children's": "Children's/O 787 10/296 20 0 223 3 0 612 3 0 233 3 0 Rafseazz.RSVCP_Snowball_Slurpee 3 0/0/4/LooseSprites\\BundleSprites:0",
	    "Forager's": "Forager's/BO MushroomLog 2/296 30 0 410 30 0 406 10 0 Rafseazz.RSVCP_Frost_Clump_Berry 5 0/2/3/LooseSprites\\BundleSprites:5",
	    "Home Cook's": "Home Cook's/O 204 5/246 100 0 -5 20 0 -6 20 0/3/3/LooseSprites\\BundleSprites:6",
        "Helper's": "Helper's/O StardropTea 3/PrizeTicket 3 0 MysteryBox 10 0/4/2/LooseSprites\\BundleSprites:13",
        "Spirit's Eve": "Spirit's Eve/O 236 5/270 20 0 767 20 0 746 1 0/1/3/LooseSprites\\BundleSprites:19",
        "Winter Star": "Winter Star/O MysteryBox 10/283 10 0 Powdermelon 10 0 604 3 0 239 3 0/4/3/LooseSprites\\BundleSprites:20",
		"The Missing": "The Missing/O 645 2/454 10 2 795 3 2 348 1 2 445 3 0 807 2 0 74 1 0/1/5",
	},
	"SVBO_SVE_RSV": {
		"Spring Crops": "Spring Crops/O 599 2/24 3 0 188 3 0 190 3 0 192 3 0 FlashShifter.StardewValleyExpandedCP_Cucumber 3 0/0",
		"Summer Crops": "Summer Crops/O 621 2/256 3 0 260 3 0 258 3 0 254 3 0 FlashShifter.StardewValleyExpandedCP_Butternut_Squash 3 0/3",
		"Fall Crops": "Fall Crops/BO 10 2/270 3 0 272 3 0 276 3 0 280 3 0 FlashShifter.StardewValleyExpandedCP_Sweet_Potato 3 0/2",
		"Quality Crops": "Quality Crops/BO 15 3/24 5 2 254 5 2 276 5 2 270 5 2 FlashShifter.StardewValleyExpandedCP_Cucumber 5 2 FlashShifter.StardewValleyExpandedCP_Butternut_Squash 5 2 FlashShifter.StardewValleyExpandedCP_Sweet_Potato 5 2/6/5",
	    "Rare Crops": "Rare Crops/BO 15 3/454 5 0 417 3 0/2/1/LooseSprites\\BundleSprites:3",
		"Animal": "Animal/BO 16 2/442 3 0 182 2 0 174 2 0 186 2 0 438 2 0 440 1 0/4/6",
	    "Fish Farmer's": "Fish Farmer's/BO 154 2/812 15 0 447 15 0 814 3 0/5/2/LooseSprites\\BundleSprites:8",
	    "Garden": "Garden/O 599 2/591 3 0 597 3 0 593 3 0 421 3 0 595 2 0/1/4/LooseSprites\\BundleSprites:7",
		"Artisan": "Artisan/BO 12 3/426 3 0 424 3 0 340 3 0 344 3 0 432 1 0 428 1 0 FlashShifter.StardewValleyExpandedCP_Butter 3 0 634 1 0 635 1 0 FlashShifter.StardewValleyExpandedCP_Nectarine 1 0 637 1 0 FlashShifter.StardewValleyExpandedCP_Pear 1 0/1/9",
	    "Brewer's": "Brewer's/BO 117 1/459 3 0 303 3 0 348 3 0 350 3 0 614 3 0/3/4/LooseSprites\\BundleSprites:2",
		"Spring Foraging": "Spring Foraging/O 465 50/16 3 0 18 3 0 20 3 0 22 3 0 FlashShifter.StardewValleyExpandedCP_Smelly_Rafflesia 1 0 Rafseazz.RSVCP_Mountain_Arugula 3 0/0",
		"Summer Foraging": "Summer Foraging/O 369 50/396 3 0 398 3 0 402 3 0 FlashShifter.StardewValleyExpandedCP_Poison_Mushroom 3 0 FlashShifter.StardewValleyExpandedCP_Red_Baneberry 3 0 Rafseazz.RSVCP_Mountain_Chico 3 0/3",
		"Fall Foraging": "Fall Foraging/O 466 50/404 3 0 406 3 0 408 3 0 410 3 0 FlashShifter.StardewValleyExpandedCP_Mushroom_Colony 3 0 Rafseazz.RSVCP_Autumn_Drop_Berry 3 0/2",
		"Winter Foraging": "Winter Foraging/O 498 50/412 3 0 414 3 0 416 3 0 418 3 0 FlashShifter.StardewValleyExpandedCP_Bearberrys 3 0 Rafseazz.RSVCP_Frost_Clump_Berry 3 0/6",
		"Construction": "Construction/O 287 30/388 500 0 330 20 0 390 200 0 709 30 0/4",
        "Sticky": "Sticky/O 287 30/92 500 0/3/1/LooseSprites\\BundleSprites:10",
        "Forest": "Forest/O 287 30/771 200 0 Moss 10 0 309 10 0 310 10 0/0/3/LooseSprites\\BundleSprites:12",
		"Exotic Foraging": "Exotic Foraging/O 805 20/88 3 0 90 3 0 78 3 0 420 3 0 724 2 0 725 2 0 FlashShifter.StardewValleyExpandedCP_Birch_Water 2 0 FlashShifter.StardewValleyExpandedCP_Fir_Wax 2 0 726 2 0 Rafseazz.RSVCP_Mountain_Mistbloom 2 0 257 1 0 422 1 0/1/9",
	    "Wild Medicine": "Wild Medicine/BO MushroomLog 2/422 3 0 259 3 0 157 3 0 304 3 0/0/3/LooseSprites\\BundleSprites:9",
		"River Fish": "River Fish/O 774 50/145 3 0 706 3 0 699 3 0 Rafseazz.RSVCP_Harvester_Trout 2 0 143 1 0 FlashShifter.StardewValleyExpandedCP_Minnow 3 0/6",
		"Lake Fish": "Lake Fish/O DeluxeBait 50/136 3 0 142 3 0 700 3 0 FlashShifter.StardewValleyExpandedCP_Tadpole 3 0 Rafseazz.RSVCP_Mountain_Whitefish 2 0 698 1 0/0",
		"Ocean Fish": "Ocean Fish/BO 154 2/131 3 0 130 3 0 150 3 0 701 3 0 FlashShifter.StardewValleyExpandedCP_Starfish 2 0/5",
		"Night Fishing": "Night Fishing/R 517 5/140 3 0 132 3 0 148 2 0 FlashShifter.StardewValleyExpandedCP_Frog 2 0/1",
		"Specialty Fish": "Specialty Fish/O 908 30/156 3 0 164 3 0 734 3 0 128 2 0 FlashShifter.StardewValleyExpandedCP_Puppyfish 1 0 FlashShifter.StardewValleyExpandedCP_King_Salmon 1 0 FlashShifter.StardewValleyExpandedCP_Butterfish 1 0/4",
	    "Quality Fish": "Quality Fish/O 908 30/136 3 2 706 3 2 130 3 2 140 3 2/4/4/LooseSprites\\BundleSprites:4",
        "Master Fisher's": "Master Fisher's/O 908 30/162 3 0 165 3 0 149 3 0 800 3 0/4/2/12",
		"Crab Pot": "Crab Pot/O 710 5/718 3 0 719 3 0 723 3 0 372 3 0 722 2 0 715 2 0 716 2 0 717 2 0 720 2 0 721 2 0/1/6",
		"Blacksmith's": "Blacksmith's/BO 13 2/334 3 0 335 3 0 336 3 0/2",
		"Geologist's": "Geologist's/O 749 10/80 3 0 86 2 0 84 2 0 82 2 0/1",
		"Adventurer's": "Adventurer's/R 519 1/766 100 0 767 20 0 768 3 0 769 3 0 Rafseazz.RSVCP_Spiritual_Essence 3 0/1",
	    "Treasure Hunter's": "Treasure Hunter's/BO 9 2/66 3 0 62 3 0 72 1 0 60 3 0 64 3 0 68 3 0/4/5/LooseSprites\\BundleSprites:1",
	    "Engineer's": "Engineer's/BO 13 2/338 10 0 386 3 0 787 3 0/1/3/LooseSprites\\BundleSprites:11",
		"Vault/23": "2,500g/BO 105 3/-1 2500 2500/4",
		"Vault/24": "5,000g/BO 9 2/-1 5000 5000/2",
		"Vault/25": "10,000g/O 645 1/-1 10000 10000/3",
		"Vault/26": "25,000g/BO 21 2/-1 25000 25000/1",
		"Chef's": "Chef's/O 221 5/376 3 0 228 3 0 194 3 0 724 2 0 259 2 0 430 2 0 FlashShifter.StardewValleyExpandedCP_Seaweed_Salad 2 0 FlashShifter.StardewValleyExpandedCP_Candy 2 0 Rafseazz.RSVCP_Ridge_Fruity_Plate 2 0/4",
		"Field Research": "Field Research/BO 20 3/702 3 0 536 3 0 422 2 0 392 2 0 FlashShifter.StardewValleyExpandedCP_Big_Conch 2 0 FlashShifter.StardewValleyExpandedCP_Amber 2 0/5",
		"Enchanter's": "Enchanter's/O 879 3/725 3 0 348 3 0 637 3 0 446 1 0 FlashShifter.StardewValleyExpandedCP_Lucky_Four_Leaf_Clover 1 0/1",
		"Dye": "Dye/BO 25 2/420 3 0 397 3 0 421 3 0 62 3 0 266 3 0 444 2 0 FlashShifter.StardewValleyExpandedCP_Persimmon 3 0/6",
		"Fodder": "Fodder/BO 24 2/178 50 0 262 20 0 157 5 0 FlashShifter.StardewValleyExpandedCP_Dulse_Seaweed 5 0 613 3 0/3",
	    "Children's": "Children's/O 787 10/296 20 0 223 3 0 612 3 0 233 3 0 Rafseazz.RSVCP_Snowball_Slurpee 3 0/0/4/LooseSprites\\BundleSprites:0",
	    "Forager's": "Forager's/BO MushroomLog 2/296 30 0 410 30 0 406 10 0 Rafseazz.RSVCP_Frost_Clump_Berry 5 0 FlashShifter.StardewValleyExpandedCP_Mushroom_Colony 5 0/2/4/LooseSprites\\BundleSprites:5",
	    "Home Cook's": "Home Cook's/O 204 5/246 100 0 -5 20 0 -6 20 0/3/3/LooseSprites\\BundleSprites:6",
        "Helper's": "Helper's/O StardropTea 3/PrizeTicket 3 0 MysteryBox 10 0/4/2/LooseSprites\\BundleSprites:13",
        "Spirit's Eve": "Spirit's Eve/O 236 5/270 20 0 767 20 0 746 1 0/1/3/LooseSprites\\BundleSprites:19",
        "Winter Star": "Winter Star/O MysteryBox 10/283 10 0 Powdermelon 10 0 604 3 0 239 3 0/4/3/LooseSprites\\BundleSprites:20",
		"The Missing": "The Missing/O 645 2/454 10 2 795 3 2 348 1 2 445 3 0 807 2 0 74 1 0 FlashShifter.StardewValleyExpandedCP_Shark 1 0/1/6",
	}
}